customer_id,customer_name,city,segment
1,Laurie Brady,Andreaberg,Corporate
2,Jimmy Harris,East Meganhaven,Retail
3,Michael James,Port Melissa,Retail
4,Bryan Sosa DVM,Brandonberg,Corporate
5,James Mathis,East Gary,Wholesale
6,Christina Hernandez,Bridgesfurt,Retail
7,James Blanchard,West Lori,Wholesale
8,Adrian Becker,Wendytown,Retail
9,Angel Henry,Robertshire,Wholesale
10,Christine Gutierrez,East Shannontown,Wholesale
11,Steven Smith,North Jessicaland,Wholesale
12,Angelica Mclaughlin,Carrollborough,Corporate
13,Valerie Howard,Wellsshire,Retail
14,Amy Perez,Curtisview,Wholesale
15,Cesar Gonzalez,Ramirezbury,Wholesale
16,Jeffery Dunn,North Tiffany,Corporate
17,Janet Fernandez,West Colton,Corporate
18,Edward Potter,North Kevin,Wholesale
19,Rachel Lewis,South Adamchester,Wholesale
20,Cindy Patterson,South Connorchester,Retail
21,Laura Hughes,West Jillian,Retail
22,Ashley Harrell,South Timothy,Corporate
23,Patricia Rodriguez,New Ericchester,Corporate
24,Melissa Cunningham,East Jared,Retail
25,James Roberts,Myersmouth,Retail
26,Elizabeth Thomas,Christopherside,Retail
27,Samantha Rodriguez,North Christopherton,Retail
28,Kristin Perez,Masontown,Wholesale
29,Kimberly Berger,Jordanville,Wholesale
30,Mark Nelson,East Brendastad,Wholesale
31,Miss Patricia Mitchell,Tiffanyport,Corporate
32,Dr. Keith Obrien,Garrettville,Retail
33,Mrs. Barbara Moreno,Lake Yvettemouth,Wholesale
34,Melissa Coffey,Lake Evelynport,Retail
35,Philip Gomez,Port Michaelland,Retail
36,Jessica Reyes,East Stevenmouth,Corporate
37,Melvin Edwards,Kennethberg,Wholesale
38,Megan Roberts,Smithtown,Wholesale
39,Jenna Sampson,New Jenniferhaven,Retail
40,Kimberly Williams,Jacksonside,Wholesale
41,Tara Hernandez,Jamesmouth,Wholesale
42,Kathy Hamilton,Longborough,Retail
43,Jessica Evans,Craneville,Retail
44,Jamie Rush,Davidport,Corporate
45,Crystal Perry,Richardstad,Wholesale
46,Walter Hughes,New Gloria,Retail
47,Steven Kelly,New Michael,Wholesale
48,David Brown,Darrenchester,Wholesale
49,Michael Smith,Calebmouth,Retail
50,Sarah Yoder,West Ericmouth,Wholesale
51,Joseph White,West Christopher,Wholesale
52,Charles Bush,Richardborough,Corporate
53,Michael Washington,Chloechester,Wholesale
54,Ryan Shaw,Port Jamesville,Corporate
55,Christopher Baker,Nicholasfort,Corporate
56,Deanna Hardin,New Zacharyview,Retail
57,Tara Ball,New Audrey,Wholesale
58,Jennifer Fields,West Richard,Wholesale
59,Sherry Valdez,Lake Anthonychester,Corporate
60,Michael Patterson,Murphyport,Retail
61,Theresa Anderson,Bryanburgh,Corporate
62,Eugene Allison,New Jasmineville,Corporate
63,Carol Blake,Wardton,Corporate
64,Robert Smith,Jamesmouth,Wholesale
65,Andrew Montgomery,North Ryan,Wholesale
66,Steven Pearson,Victoriaborough,Wholesale
67,Gabriel Allen,South Mary,Wholesale
68,Ruben Johnson,New Christine,Retail
69,Kathleen Gordon,Danaton,Corporate
70,Frank Lee,New Jacobfort,Retail
71,Travis Burns,New Dylan,Corporate
72,April Fleming,West Jody,Corporate
73,Chad Thompson DDS,West Victoria,Retail
74,Virginia Robinson,Andersonchester,Retail
75,Thomas Berry,Port William,Corporate
76,Stephen Lee,Carlyborough,Wholesale
77,Mary Harmon,New Jasonside,Wholesale
78,Susan Perez,East Annettefort,Corporate
79,Dawn Obrien,Carrside,Corporate
80,Kari Morris,Port Brandonberg,Retail
81,Frederick Wilson,North Tarafort,Retail
82,Kevin Sherman,Loweberg,Wholesale
83,Angela Brown,Edwardsville,Wholesale
84,Rachel Cooper,New Sandraton,Retail
85,Paul Young,North Christianville,Wholesale
86,Ryan Phillips,Osborneland,Wholesale
87,Jennifer Lee,East Sabrinaborough,Retail
88,Dustin Hicks,New Robinborough,Wholesale
89,Russell Snyder,New Susan,Retail
90,Sonya Newton,North Thomas,Corporate
91,Sara Nguyen,West Lisa,Wholesale
92,Zachary Reyes,Rogerstown,Retail
93,Samantha Valentine,Jacobstown,Wholesale
94,Christine Moore,Port Steven,Corporate
95,Kevin Horn,New Haley,Corporate
96,Sean Hinton,Jeremyfort,Corporate
97,Nicholas Williams,Port Donnaside,Retail
98,Jesse Lyons,Scottshire,Retail
99,Kathleen Henderson,Velazquezburgh,Corporate
100,Anna Guerrero,Huangchester,Wholesale
101,Joseph Hughes,South Jennifer,Wholesale
102,Travis Stephens,Millerland,Corporate
103,Timothy Gonzalez,Burtonside,Corporate
104,Katherine Snow,South Jeffrey,Wholesale
105,Heather Dorsey,Port Samanthaborough,Corporate
106,Kevin George,Jonathanbury,Wholesale
107,Abigail Owen,Chadville,Corporate
108,Kimberly Diaz,Petersonhaven,Wholesale
109,Keith Hayes,North Tanner,Corporate
110,Paul Williams,Smithland,Wholesale
111,Mr. Paul Jackson,Williamsborough,Corporate
112,Katie Price,Willisfurt,Retail
113,Tonya Giles,South Craigmouth,Corporate
114,Brian Rivers,Clineburgh,Wholesale
115,Charles Richards,North Williamport,Wholesale
116,Aaron Williams,Donnashire,Corporate
117,Kristopher Edwards,Edwardburgh,Retail
118,Devin Hubbard,Ericfort,Corporate
119,Christina Hooper,Christinaland,Wholesale
120,Morgan Butler,South Scottville,Wholesale
121,Lindsay Thomas,Port Davidmouth,Corporate
122,Alexander Hughes,New Lindsey,Corporate
123,Gregory Price,West Matthewborough,Corporate
124,Kyle Smith,Hendrixmouth,Wholesale
125,Kevin Sims,Aprilmouth,Corporate
126,Kerry Short,Zacharyport,Wholesale
127,Matthew Ballard,Kochview,Corporate
128,Tyler Tucker,Alecton,Wholesale
129,Stephanie Mendoza,Stephaniefurt,Retail
130,Robert Cortez,Marvinstad,Wholesale
131,Justin Perez,Heatherside,Retail
132,Mr. Austin Martinez,Stevenville,Wholesale
133,Nicholas Duncan,West Kenneth,Retail
134,Jessica Rice,South Mistyton,Corporate
135,Charles Parker,Christopherport,Wholesale
136,Martin Gaines II,Lake Travisfurt,Retail
137,Michael Spears,East Tyroneport,Retail
138,Sarah Rodriguez,Velasquezchester,Retail
139,Cathy Moreno,Osborneside,Wholesale
140,Chad Dean,Richardstad,Corporate
141,Hannah Brown,East Michaelshire,Corporate
142,Ashley Long,Smithchester,Wholesale
143,James Rivas,Christopherton,Wholesale
144,Casey Powell,Dawnstad,Wholesale
145,Sandra Armstrong,Port Margaret,Wholesale
146,Ebony Cunningham,Bakermouth,Wholesale
147,Mrs. Amber Sanchez,Cantuview,Retail
148,Alexa Ellison,Larsonland,Retail
149,Marissa Brooks,Port Tricia,Corporate
150,Dana Gentry,South Victoriaborough,Wholesale
151,Alicia Shepherd,Collinsfurt,Retail
152,Alexis Walker,Joshuamouth,Retail
153,Paul Johnson,East Ritaberg,Retail
154,Rodney Kennedy,East Matthew,Corporate
155,Jeffrey King,North Travis,Wholesale
156,Julie Gutierrez,New Cindy,Corporate
157,Scott Harper,North Bonnie,Retail
158,Teresa Miller,Port Hector,Retail
159,Jonathan Santana PhD,Port Gloriafurt,Corporate
160,Antonio Thomas,Rodriguezview,Retail
161,Julie Johnson,Patriciachester,Corporate
162,Scott Williams,East Mariastad,Retail
163,Jessica Johnson,North Annaborough,Wholesale
164,Melanie Alexander,North Cameronmouth,Retail
165,Jennifer Owens,Lake Allenport,Wholesale
166,Martha Bean PhD,West Evelynport,Corporate
167,Elizabeth Johnson,Lake Tinaberg,Corporate
168,Evan Gonzalez,Marissamouth,Wholesale
169,John Conley,Port Andreaton,Wholesale
170,Jessica Higgins,Theresastad,Wholesale
171,Ashley Grant,Raymondview,Corporate
172,Jessica Shaffer,Port Charles,Wholesale
173,Thomas Mclaughlin,Lake Angelaton,Wholesale
174,Richard Crawford,New Alison,Retail
175,Angela Melendez,Johnsontown,Retail
176,Peter Hancock,Ronaldview,Wholesale
177,Miguel Walton,Claytonfort,Corporate
178,Sandra Obrien,Barrmouth,Corporate
179,Lauren Bowman,New Garychester,Retail
180,James Bowman,Dixonhaven,Retail
181,Shelley Ellison,Port Margaret,Wholesale
182,Taylor Mccarty,Valeriemouth,Wholesale
183,Edgar Carlson,Valentineview,Corporate
184,Ian Moon,New Micheleview,Retail
185,Robert Kline,Lake Dianefort,Retail
186,Heather Wood,South Angelaberg,Wholesale
187,Nina Johnson,North Noahview,Wholesale
188,Caitlyn Archer,New Barbarashire,Wholesale
189,Alisha Phillips,Lake Jonhaven,Wholesale
190,Douglas Fowler,Lake Mariahmouth,Retail
191,Tami Mcclain,South Johnborough,Wholesale
192,Elizabeth Barnes,South Alexanderstad,Retail
193,Edward Jackson,Christophertown,Wholesale
194,Yesenia Solis,Kevinfort,Retail
195,Angela Rodriguez,Williamston,Corporate
196,Christopher Kim,Port Michaelborough,Retail
197,David Crawford,Fordhaven,Wholesale
198,Diana Harrell,Shepardstad,Retail
199,Grant Mitchell,New Jeffery,Retail
200,John Smith,Jonathonmouth,Retail
201,Paul Ross,South Thomasland,Corporate
202,Carla Simmons,Farleychester,Corporate
203,Crystal Thompson,Lake Monicafurt,Corporate
204,Laura Lambert,Port David,Wholesale
205,Amanda Rogers,New Vanessaborough,Corporate
206,Heather Parker,Lake Mandymouth,Corporate
207,Shawn Hoffman,New Amy,Wholesale
208,Mrs. Leslie Hudson,Ericview,Retail
209,Robert Henry,Port William,Wholesale
210,Michele Santiago,Port Anthony,Retail
211,William Lee,Bowersview,Wholesale
212,Brianna Fox,Staceyview,Wholesale
213,Corey Hernandez,Rachelton,Retail
214,Chelsea Vaughn,Smithchester,Retail
215,Phillip Castillo,Lake Michael,Wholesale
216,Monique Wells,Jenniferchester,Corporate
217,Willie Jacobs,South Johnmouth,Wholesale
218,Hailey Henry,East Charles,Wholesale
219,Charlene Ellis,Sarahport,Wholesale
220,Dr. Kenneth Edwards,Michaelmouth,Corporate
221,Theresa Wilson,South Ericastad,Corporate
222,Susan Ortega,East Erikaville,Corporate
223,Richard Walker,North Laurenton,Retail
224,Brittany Bell,North Kimberlyport,Wholesale
225,Mark Stewart,Hernandezland,Retail
226,Dylan Steele,North Elizabethside,Corporate
227,Kelly Trujillo,Walshshire,Corporate
228,Tonya Smith,Brianport,Wholesale
229,Michael King,Austinmouth,Retail
230,Krystal Rojas,Stevenshire,Corporate
231,Adam Nash,Collinsburgh,Retail
232,Michael Russell,South Kyleton,Corporate
233,Sara Jackson,Lake Alyssa,Wholesale
234,Emily Andrade,Fordfort,Retail
235,Mary Gonzalez,Port Lori,Wholesale
236,Jasmine Morgan,East Jason,Retail
237,Robert Walker,Hallbury,Wholesale
238,Elaine Reed,New Nataliemouth,Corporate
239,Michael Schmidt,Goldentown,Corporate
240,Ashley Francis,Ashleybury,Retail
241,Miranda Walker,Gonzalesville,Wholesale
242,Jessica Taylor,Scottview,Corporate
243,Carlos Grimes,Colleenberg,Wholesale
244,Jessica Rosales,Lake Christinechester,Wholesale
245,Matthew Camacho,Port Jenniferborough,Corporate
246,Margaret Jones,Dunntown,Wholesale
247,Jesse Johnson,South Lindseystad,Corporate
248,Terri Savage,Wrightview,Corporate
249,James Russell,Mallorybury,Wholesale
250,Lynn Gibbs,North Ericfurt,Corporate
251,Brooke Perez,Alexanderchester,Retail
252,Jason Moore,North Ashleymouth,Corporate
253,Kelsey Price,Port Michael,Corporate
254,Jennifer Garcia,Lake Meghan,Wholesale
255,Sharon Torres,Tiffanyfurt,Corporate
256,Katherine Ramirez,Port Brianland,Wholesale
257,Thomas Jordan,North Ashleyfort,Retail
258,Christine Park,Lake Carolynport,Corporate
259,Daniel Garza,South Kenneth,Retail
260,Brandi Flores,Port Christopher,Corporate
261,Cole Patterson,Danielland,Retail
262,Eric Anderson,Coleburgh,Corporate
263,Paige Roberts,West Traviston,Wholesale
264,Brandon Williams,Smithstad,Retail
265,Maria Haney,New Michael,Wholesale
266,Ryan Jones,Odomfort,Wholesale
267,Joseph Watkins,Mooneyshire,Retail
268,Tiffany Wallace,Kennedychester,Corporate
269,Shannon Smith,East Robinmouth,Corporate
270,Mary Brooks,Richardfurt,Corporate
271,Peter Stuart,New Marybury,Wholesale
272,Cheryl Mendez,Henryhaven,Wholesale
273,Jessica Howard,Emilyborough,Retail
274,Susan Fisher,Gilmorebury,Wholesale
275,Theresa Mcclain,South Lisa,Corporate
276,Madeline Horne,Port Vanessaborough,Retail
277,Joseph Chapman,Josephberg,Corporate
278,Timothy Coleman,Vickiestad,Retail
279,Brian Cortez,Steventown,Corporate
280,Paula Gutierrez,New Robertville,Wholesale
281,Joshua Alexander,North Jenniferbury,Wholesale
282,Philip Cox,Thomasland,Corporate
283,Shelia Brooks,Velasquezberg,Retail
284,Marissa Medina,Cathyberg,Wholesale
285,Angela Nguyen,North Alanstad,Retail
286,Kimberly Collins,Michaelton,Corporate
287,Dawn Banks,North Rebeccatown,Corporate
288,Lori Smith,East Timland,Corporate
289,Fernando Kelly,East Kelly,Retail
290,Paul Cameron,Lake Lindaberg,Wholesale
291,Molly Lee,Charleneside,Corporate
292,Christopher Reed,Mooreborough,Retail
293,Alyssa Maldonado,North Jessicaview,Wholesale
294,Sarah Little,Michaelburgh,Wholesale
295,Betty Bautista,Webbburgh,Retail
296,Jose Coleman,Greenmouth,Corporate
297,Shelley Barnett,Rachelport,Wholesale
298,Zachary Davis,Lake James,Retail
299,Diana Howard,Lake Devintown,Retail
300,Hunter Watkins,Robertmouth,Wholesale
301,Gabriella Richardson,Erikchester,Retail
302,Kimberly Caldwell,North Kelli,Corporate
303,Vicki Simmons,Brianbury,Retail
304,Joshua Robertson,North Michael,Retail
305,Sara Randall,Port Markbury,Retail
306,Chase Stone,Kristinaside,Retail
307,Joshua Jackson,North Joseph,Wholesale
308,Melissa Myers,New Rebecca,Corporate
309,James Villanueva,South Kelseyport,Retail
310,Jennifer Burns,East Robertview,Retail
311,Kathleen Harris,Joshuamouth,Retail
312,Victoria King,Michelleborough,Retail
313,Hannah Smith,West Michellefurt,Wholesale
314,Brad Mendez,Brownton,Wholesale
315,Andrea Henderson,East Gregorystad,Corporate
316,Kristen Coleman,South Tiffanyview,Wholesale
317,Joshua Scott,West Kimberly,Retail
318,Ernest Phillips,East Tara,Wholesale
319,Hunter Hanson,Keithshire,Retail
320,Danny Garcia,Troyborough,Corporate
321,James Ross,Lake Jamesmouth,Corporate
322,Ryan Young,Martineztown,Wholesale
323,Janet Wiley,Port Nancystad,Corporate
324,Dennis Harvey MD,North Anthonyside,Corporate
325,John Li,North Christopher,Wholesale
326,Robert Wilson,Port Christopherview,Corporate
327,Mark Day,Mollyberg,Corporate
328,Joyce Carter,Chenfurt,Retail
329,Danielle Bowers,Aaronville,Wholesale
330,Anna Rivera,Port Johnny,Corporate
331,Lisa Romero,Port Michael,Corporate
332,Karen Gonzalez,Port Rhondabury,Retail
333,Erica Smith,New John,Wholesale
334,Anthony Brewer,New Alanmouth,Retail
335,Andrew Ellis,South Sandra,Retail
336,Edwin Duffy,Port Paul,Wholesale
337,Brooke Parker,New Paulfurt,Corporate
338,Wayne Pope,South Michael,Corporate
339,Timothy Lawson,Harmonchester,Wholesale
340,Marie Crawford,Lake Bobfort,Retail
341,Nicholas Rogers,Lake Chelseaside,Wholesale
342,Noah Macdonald,Stephanieville,Corporate
343,Taylor King,Alyssafort,Corporate
344,Jacob Manning,Forbeshaven,Wholesale
345,Kevin Fletcher,New Angelaton,Retail
346,Emily Le,New Whitneyside,Corporate
347,Andrew Gordon,Martinfurt,Retail
348,Brian Tyler,Port Brucefurt,Wholesale
349,Robert Pollard,Robertberg,Wholesale
350,Jason Campbell,Weberton,Corporate
351,Colin Kramer,East Kelsey,Corporate
352,Edward Mendez,North Dominique,Wholesale
353,Jason Friedman,New George,Retail
354,Allison Robinson MD,North Joseton,Retail
355,Michael Gross,Connorberg,Wholesale
356,Gina Greene,New Rebecca,Retail
357,Rodney Cruz,East Nicholas,Corporate
358,Terry Taylor,Lake Derek,Wholesale
359,Aaron Garza,East Charleston,Retail
360,Courtney Brown,Debraberg,Corporate
361,Thomas Cardenas,Mitchellfort,Corporate
362,Jeanette Hobbs,Cindyfurt,Wholesale
363,Carl Maddox,Scottburgh,Corporate
364,Richard Atkinson,Murphymouth,Retail
365,Melanie Cervantes,Christopherside,Wholesale
366,Randall Park,Charlesstad,Corporate
367,Jennifer Campos,North Johnton,Retail
368,Mary Parsons,Jacksonmouth,Corporate
369,Tammie Guerra,Leestad,Corporate
370,Joyce Palmer,North Ricardo,Wholesale
371,Andrew West,New Jason,Corporate
372,Melissa Torres PhD,Changmouth,Corporate
373,John Harris,North Alisonberg,Retail
374,Kenneth Jackson,Campbellside,Corporate
375,Bryan Walter,North Michelleton,Corporate
376,Leslie Jenkins,South Christinaburgh,Retail
377,Samantha Martinez,West Nicholasburgh,Corporate
378,Taylor Perez,Teresastad,Wholesale
379,Amy Johnson,South Ashley,Corporate
380,Shari Miller,Lake Edward,Corporate
381,Connie Maynard,Watsonland,Corporate
382,Gloria Holland,Ianmouth,Corporate
383,Justin Smith,Port Vanessa,Corporate
384,Lisa Stewart,Keithberg,Retail
385,Robert Cox,Weeksville,Wholesale
386,John French,Fernandezfort,Retail
387,Steven Pearson,West Carlastad,Wholesale
388,Lisa Gillespie,South Cynthiaview,Wholesale
389,Mark Boyd,Lake Barbara,Retail
390,Derrick Park,Kellyshire,Retail
391,Dr. Janet Coleman DDS,Karenview,Wholesale
392,Martin Thompson,Greenton,Corporate
393,Amber Parker,Port Brenda,Retail
394,Nathaniel Bryant,New Erika,Wholesale
395,Ryan Nunez,Erinfurt,Corporate
396,William Landry,Wardfort,Corporate
397,Kimberly Jordan,Claudiachester,Retail
398,William Smith,Petersenborough,Retail
399,Adam Lewis,Douglasshire,Wholesale
400,Gary Wall,New Ryan,Retail
401,Ronald Schwartz,Lesliemouth,Corporate
402,Karen Miller,Taylormouth,Retail
403,Jessica Wright,Port Johntown,Retail
404,Bonnie Grant,Robertsberg,Corporate
405,Steven Matthews,Chavezmouth,Corporate
406,Samuel Scott,Port Michael,Retail
407,Susan Bryant,Christinemouth,Wholesale
408,Julie Lewis,Lake Rogermouth,Wholesale
409,Jason Ochoa,South Paulburgh,Wholesale
410,Roy Smith,Lake Michaelmouth,Wholesale
411,Ruth Black,Lake Davidmouth,Corporate
412,Jonathan Castro,Lake Reneestad,Corporate
413,Leah Johnson,Johnmouth,Corporate
414,Daniel Costa,Robertobury,Corporate
415,Dr. Kristen Kirk,Bartlettport,Wholesale
416,Karen Gonzalez,Lake Joshua,Wholesale
417,Pamela Jenkins,New Erika,Retail
418,James Shea,Lesliefort,Corporate
419,Chris Fernandez,South George,Retail
420,Christopher Turner,Torresfort,Wholesale
421,Zachary Bruce,New Annefurt,Retail
422,Mary Spencer,Mathistown,Retail
423,Ronald Lyons,Hannamouth,Retail
424,Veronica Johnson,Blaketown,Corporate
425,Sydney Smith,West Matthewstad,Corporate
426,Stephen Murphy,Brennanville,Wholesale
427,Walter Brewer,North Saraville,Retail
428,Bradley Guerrero,Marissaton,Corporate
429,Mary Diaz,Jenniferside,Wholesale
430,Dennis Clark,East Amy,Corporate
431,Mary Harris,South Julie,Corporate
432,Russell Bridges,Martinezbury,Corporate
433,Beth Wood,Jonestown,Corporate
434,Raymond Cohen,Haydenfort,Wholesale
435,Philip Reed,Amymouth,Wholesale
436,Susan Norton,Acostaburgh,Corporate
437,Randall Williams,New Sarahfurt,Corporate
438,Michelle Williams,Melissamouth,Retail
439,Joseph Bailey,West Jim,Corporate
440,Angela Soto,Port Johnathan,Retail
441,Mr. John Clarke III,Cassandraton,Corporate
442,Deborah Turner,New Mitchell,Wholesale
443,Jared Rose,Lake Josephton,Wholesale
444,Michael Rivers,Lake Jenniferfort,Retail
445,Emily Lozano,Kathleenland,Wholesale
446,Jessica Walker,Port Amy,Wholesale
447,Jessica Camacho,South Mariaberg,Wholesale
448,Matthew Villegas,Port Christina,Wholesale
449,Tina Lynch,North Kristine,Wholesale
450,Sean Hunt,Port Lisaburgh,Retail
451,Brandon Mack,Katherineland,Corporate
452,Regina Bishop,South Mary,Corporate
453,Alyssa Williams,Websterport,Corporate
454,Amy Coleman,Jamesport,Wholesale
455,Rebecca Martin,Flynnshire,Wholesale
456,Stephanie Kramer,Roblesside,Corporate
457,Cody York MD,North Michellebury,Wholesale
458,Kenneth Williams,North Catherine,Corporate
459,Jamie Williams,Sandraside,Retail
460,Alicia Clark,Port Jamie,Corporate
461,Marie Jones,Lake Colemouth,Wholesale
462,Gina Mclaughlin,Ryanshire,Corporate
463,Nancy Hill,Brownshire,Corporate
464,Rebecca Crosby,Pinedaberg,Wholesale
465,Erica Rodriguez,New James,Retail
466,Christopher Rodriguez,North Jessica,Retail
467,Aaron Perez,North Marychester,Wholesale
468,Kathryn Mcintosh,Longmouth,Corporate
469,William Barrett,Port David,Corporate
470,Richard Gentry,Warrenton,Wholesale
471,Amber Alvarez,Brockmouth,Wholesale
472,Justin Warren,North Donald,Wholesale
473,Mrs. Brittany Francis,Stephenchester,Corporate
474,Derek Jones,Colinburgh,Retail
475,Deborah Manning,Rachelfurt,Retail
476,Kathleen Long,Lake Steventown,Retail
477,Jessica Brown,West Mike,Corporate
478,Jamie Oconnor,Lake Melissa,Retail
479,Sarah Johnson,Port Stevenburgh,Corporate
480,Russell Vargas,Michaelview,Corporate
481,Lisa Smith,Jeffreyborough,Wholesale
482,Donald Rangel,Rogersmouth,Corporate
483,Tracey Lozano,Port Thomas,Wholesale
484,William Ramirez,North Samanthamouth,Corporate
485,Brandon Sawyer,New Tanya,Wholesale
486,Nancy Roman,Lake Paul,Wholesale
487,Christine Garrison,East Loriton,Corporate
488,Robert Anderson,New Jamesstad,Corporate
489,Nicole Clark,Martinezchester,Corporate
490,Catherine Gutierrez,Taylorfort,Corporate
491,Seth Chavez,Angelaberg,Wholesale
492,Jason Navarro,Joannaville,Wholesale
493,Molly Barr,Lake Brianville,Wholesale
494,Amy Cortez,Alyssaton,Corporate
495,Jennifer Rogers,East Hannah,Corporate
496,Patrick Alexander,Port Vickieville,Retail
497,Jon Mccall IV,Williamsstad,Retail
498,Richard Clark,Colleenberg,Retail
499,Amanda Wu,Antonioton,Retail
500,Mary Wright,New Roger,Wholesale
501,Shelley Weaver,North Katie,Retail
502,Toni Ramos,Lake Rodneyborough,Wholesale
503,Louis Manning,East Jonathanport,Corporate
504,Amy White,South Lindsey,Wholesale
505,Christine Munoz,South Scottport,Wholesale
506,Amanda Daniels,West Terri,Wholesale
507,Elizabeth Davenport,West Alexander,Retail
508,Michael Carter,Gabrielleview,Retail
509,Mallory Goodwin,Williammouth,Retail
510,John Wilkerson,West Henrystad,Corporate
511,Timothy Roman,Kingborough,Retail
512,Adam Gardner,South Rebecca,Retail
513,Adrian Riley,South Stephen,Retail
514,Ms. Christine Pratt MD,New Mary,Corporate
515,Ronnie Wood,Lake Desireeport,Wholesale
516,Virginia Reyes MD,West Katelyn,Retail
517,Timothy Castillo,North Brendahaven,Retail
518,Diane Fields,North Jason,Corporate
519,Tyler Anderson,Kristabury,Wholesale
520,Leslie Brown,Ericaville,Retail
521,Michael Smith,Sharonbury,Retail
522,Chad Kerr,Jamesstad,Corporate
523,Emily Roberts,North Bruce,Wholesale
524,Stephen Sanchez,Port Sierraland,Retail
525,Christopher Cherry,East Tylermouth,Retail
526,Jacob Simpson,Lake Rogerchester,Wholesale
527,Luis Jackson,Washingtonland,Corporate
528,Andrew Baker,Jasonborough,Corporate
529,Hannah Henry,Port Michael,Retail
530,Steven Parrish,Williamston,Retail
531,Richard Jones,West Tiffany,Wholesale
532,Katherine Wright,Scottborough,Corporate
533,Danny Mcmahon,Port Richard,Corporate
534,Kayla Tran,East Krystalborough,Wholesale
535,John Peterson,Lake Jamesside,Retail
536,Kyle Smith,Herreramouth,Retail
537,Michael Aguilar,New Ronald,Wholesale
538,Melanie Rodriguez,Antonioside,Retail
539,Cheryl Branch,Lake Debrashire,Retail
540,Steven Barton,West Claudiaborough,Retail
541,Frances Higgins,Andreashire,Wholesale
542,Sara Carrillo,Lake Rachelberg,Corporate
543,Lynn Mann,Port Maria,Corporate
544,Michael Hatfield,Christopherbury,Corporate
545,Sean Dixon,Ronaldmouth,Corporate
546,Kathryn Adams,West Brandonmouth,Wholesale
547,Melody Hawkins,South Melissaburgh,Corporate
548,Barbara Thornton,Paulbury,Wholesale
549,Ms. Valerie Hamilton,Kyleberg,Corporate
550,Valerie Curtis,Port Brendachester,Retail
551,Michael Wong,Darrenburgh,Wholesale
552,Barbara Price,South David,Wholesale
553,Gabriel Herrera,Port Carolyn,Retail
554,Mr. Donald Monroe,South Crystalstad,Wholesale
555,Carla Olson,Port Ruben,Wholesale
556,Christopher Glass,Danielstad,Corporate
557,Heidi Obrien,Gregoryberg,Wholesale
558,Brent Meyer,Lake Theresa,Wholesale
559,Tammy Rivera,South Jeremyshire,Wholesale
560,Christina Thompson,East Derrickberg,Wholesale
561,Kimberly Barnes,Douglasville,Corporate
562,Ms. Barbara Huff,Codyfurt,Wholesale
563,John Hoover,Belltown,Wholesale
564,Julie Howard,Carolynfurt,Wholesale
565,Mrs. Jessica Castro,Port Jonathan,Wholesale
566,Betty Ramos,Lake Mitchell,Corporate
567,Jared Carroll,Port Michelle,Corporate
568,Melissa Stone,New Frankville,Corporate
569,Jason Brown,North Andrew,Wholesale
570,Gabrielle Abbott,East Robinborough,Retail
571,Adam Martin,Port Donna,Retail
572,Amy Nielsen,Port Christinafurt,Corporate
573,Steven Klein,East Daniel,Corporate
574,Ryan Reilly,Deanland,Corporate
575,Joshua Warner,New Dustin,Corporate
576,Mark Ellis,New Jasonbury,Corporate
577,Mark Marshall,Castanedaport,Retail
578,Richard Cooper,Geraldbury,Corporate
579,Christine Johnson,Ortegaburgh,Retail
580,Angela Cruz,Glennton,Retail
581,Matthew Cooper,Bondberg,Wholesale
582,Glenn Gray,South Suzannemouth,Retail
583,Kristy King,Jerrymouth,Corporate
584,James Barnes,East Rebecca,Corporate
585,Ricky Ayala,East Melissa,Corporate
586,Maria Weber,Dominguezshire,Wholesale
587,Jeffrey Olson,Williamsmouth,Retail
588,Dawn Ramirez,Jeremybury,Wholesale
589,Sarah Mason,New Ashleyville,Corporate
590,Victoria Mccall,Dunnberg,Corporate
591,James Alvarez,East Danielstad,Corporate
592,Ariana Martin,New Shanemouth,Retail
593,Robin Cervantes,Murraystad,Corporate
594,David Mccarthy,South William,Corporate
595,Amy Nelson,Danielmouth,Wholesale
596,Jessica Johnson,Port Ann,Retail
597,Jamie Johnson,Chenmouth,Retail
598,Rachel Kelly,Matthewport,Wholesale
599,Carrie Montgomery,North Matthewmouth,Corporate
600,Kenneth Gonzalez,Daltonstad,Retail
601,Reginald Patterson,New Eric,Corporate
602,Cathy Duran,Benjaminbury,Wholesale
603,Beth Monroe,North Steven,Corporate
604,Tina Roberts,South Micheal,Corporate
605,Dustin Martin,Danielleland,Retail
606,William Grant,North Mariamouth,Retail
607,Renee Harper,North Deborahfort,Wholesale
608,Ashlee Harper,Nancyberg,Wholesale
609,Donald Johnston,Lake Kelly,Wholesale
610,Holly Owens,Sharonbury,Corporate
611,Claire Mueller,West James,Corporate
612,Brenda Jones,Dianeview,Retail
613,Rhonda Wright,Robbinsfort,Corporate
614,Stacey Jones,New Joseph,Retail
615,Christopher Brown,North Martin,Corporate
616,Jessica Fowler,Rachelbury,Wholesale
617,Jeffrey Gonzalez,North Josehaven,Retail
618,Laura Wolfe,North Dalefort,Wholesale
619,Robin Owen,Lake Mitchell,Wholesale
620,Stephanie Rogers,New Daniel,Wholesale
621,Susan Smith,East Kevin,Wholesale
622,Gina Rodriguez,New Lance,Corporate
623,Nancy Carter,Foxburgh,Corporate
624,Ashley Russell,Christopherbury,Wholesale
625,Michael Jones,Port Karenberg,Wholesale
626,Shelia Garrison,Mcbridefurt,Wholesale
627,Anne Lopez,South Brookestad,Corporate
628,Katherine Mckinney,Ethanton,Corporate
629,Barbara Horton,North Robertborough,Retail
630,Matthew Rice,Franciscobury,Retail
631,Barry Kramer,Jaredstad,Retail
632,Kelsey May,West Neilville,Retail
633,Ashley Ashley,Port Sandra,Corporate
634,Richard Thomas,Lake Lauren,Retail
635,Daniel Moore,West Ginachester,Wholesale
636,Dennis Anderson,New Carol,Corporate
637,Scott Tucker,Chadhaven,Wholesale
638,Jesus Espinoza,North Mary,Corporate
639,Marc Schneider,Williamstown,Corporate
640,Richard Bryant,West Tammytown,Wholesale
641,James Schultz,Heidiside,Wholesale
642,Monique Walker,New William,Corporate
643,Jessica Vega,Garciaborough,Retail
644,Matthew Austin,Lake Julieside,Corporate
645,Christopher Mejia,North Emily,Retail
646,Tara Lloyd,Brianport,Retail
647,Carl Boyd,Baxterfurt,Retail
648,Kenneth Guerrero,Singhmouth,Wholesale
649,Jillian Mccann,Gregoryshire,Retail
650,Christine Jackson,Port Timothy,Retail
651,Steven Robinson,South Barbara,Retail
652,Sean Gray,New Eric,Corporate
653,Bethany Ellison,West Luistown,Corporate
654,Deborah Finley,Johnsonfurt,Retail
655,Melissa Carlson,New David,Wholesale
656,Tyler Meyers,West Michael,Corporate
657,Jennifer James,North Chelseaberg,Wholesale
658,Wendy Price,West Joshuahaven,Retail
659,Heather Jimenez,Andreaberg,Retail
660,Ricky Gardner,Lake Sarahshire,Retail
661,Ryan Reed,New Kyle,Retail
662,Ashley Russell,West Lisa,Retail
663,Megan Mclaughlin,Lake Charles,Corporate
664,Jennifer Meadows,Port Ericville,Retail
665,Kyle Barrett,Benjaminfort,Corporate
666,Shane Gonzalez,Kellyport,Corporate
667,Carol Page,West Jeanetteborough,Corporate
668,Donald Bell,Crystalmouth,Corporate
669,Elizabeth Ward,West Jennifer,Corporate
670,Mark Anderson,Port Karenburgh,Corporate
671,Eric Byrd,West Martha,Wholesale
672,Melissa Allen,East Katherinemouth,Retail
673,Michele Steele,East Carmen,Corporate
674,Eric Richardson,Port Rodney,Retail
675,Robin Morton,South Kylie,Retail
676,Gregory Reyes,North Mirandaside,Retail
677,Christopher Robinson,East Robertburgh,Corporate
678,Yvette Duncan,Haysview,Corporate
679,Chelsea Griffin,Feliciaberg,Retail
680,Katherine Brown,West Troymouth,Wholesale
681,Mr. Andrew Tyler,Codymouth,Corporate
682,Michael Bruce,Nicholastown,Retail
683,Megan Johnson,Johnsontown,Retail
684,Dr. Marie Garcia,Rodgersfort,Corporate
685,Alejandro Juarez,Mcintyremouth,Corporate
686,Michelle Santiago,Barberville,Retail
687,Douglas Taylor,Bakerberg,Retail
688,Wesley Brooks,New Andrewton,Wholesale
689,Christopher Cross,South Kristin,Retail
690,Chad Garza,Port Michael,Corporate
691,Kyle Richardson,Cohenstad,Corporate
692,Meghan Hansen,Christianchester,Retail
693,Samantha Jones,Donstad,Wholesale
694,James Rollins,Bondland,Retail
695,David Bryant,East Austin,Retail
696,Danielle Bishop,West Chad,Corporate
697,Tyler Huber,West Jenniferfurt,Wholesale
698,Ms. Melissa West MD,Lake Logan,Retail
699,Kristi Mitchell,Calvinborough,Wholesale
700,Stephen Sampson,Tinatown,Wholesale
701,Erik Thompson,Coxstad,Retail
702,Donald Brown,Rosemouth,Corporate
703,Joshua Wilson,North Roberthaven,Corporate
704,David Boone,Port Angelahaven,Wholesale
705,Monica Cortez,Michaelfort,Corporate
706,Tony Mckinney,Costashire,Corporate
707,Carolyn Pittman,Garzamouth,Retail
708,Dean Thomas,Cassandramouth,Wholesale
709,Eric Phillips,Brownview,Wholesale
710,Mercedes Wiggins,Port Rebecca,Retail
711,Kathleen Morgan,Bethstad,Wholesale
712,Thomas Smith,Vazquezburgh,Wholesale
713,Heather Hatfield,Valenzuelatown,Wholesale
714,Andrew Nguyen,Loriburgh,Retail
715,Marisa Smith,Millermouth,Corporate
716,Joseph Jones,Taylorland,Corporate
717,Jordan George,North Donna,Wholesale
718,Ronald Kline,New Sophia,Corporate
719,Ashlee Figueroa,Williamsburgh,Retail
720,Melissa Patton,Collinsland,Corporate
721,Melissa Flores,South Deborahmouth,Retail
722,Tyler Blair,Rodriguezton,Wholesale
723,Robin Reilly,East Caitlyn,Retail
724,Patrick Pierce,Nguyenside,Retail
725,Teresa Kaufman,Millerhaven,Retail
726,Michael Lindsey,Lake Davidtown,Wholesale
727,Christie Gray,Brandiport,Corporate
728,Patricia Parsons,North Edwardborough,Corporate
729,Kathy Johnson,New Katherineberg,Retail
730,Joshua Fuentes,Brianchester,Retail
731,Andrew Haas,East Tiffanyfurt,Corporate
732,Jacob Wolfe,Lake Jade,Wholesale
733,Carmen Rich,South Davidstad,Retail
734,Tracy Barker,Port Monicamouth,Corporate
735,Bryan Smith,West Christopherberg,Retail
736,Dustin Brewer,Wilsontown,Retail
737,Amy Henderson,Angelaberg,Retail
738,Susan Jenkins,Nicholasberg,Wholesale
739,Jeffrey Thomas,Lake Heatherhaven,Wholesale
740,Laura Wright,Lisachester,Corporate
741,Brenda Bond,South Tanya,Wholesale
742,Deborah Wood,Maloneview,Wholesale
743,Thomas Wagner,Port Stanleystad,Retail
744,Mary Elliott,Lake Michelleville,Corporate
745,Elaine Mccarthy,Chelseaville,Retail
746,Stephanie Jacobs,South Erikashire,Retail
747,Matthew Bell,Williamsstad,Retail
748,Tammy Jones DVM,Moorefurt,Corporate
749,Deborah Soto,Tannermouth,Retail
750,Claudia Smith,Leeview,Wholesale
751,Jacqueline Thomas,Scottshire,Wholesale
752,Sean Bullock,Lake Christopher,Corporate
753,Lindsey Martin,Derrickbury,Wholesale
754,Nancy Anderson,North Erinview,Retail
755,John Hutchinson,Masonfurt,Retail
756,Caleb Hayes,Stewartchester,Corporate
757,Andrew Patterson,East Leahton,Wholesale
758,Michael Johnson,Joshuafort,Retail
759,Tiffany Gardner,Jonathanmouth,Wholesale
760,Paul West,Jonathanshire,Wholesale
761,Phillip Brown,Pagemouth,Retail
762,Diane Jenkins,Desireemouth,Retail
763,Alexis Owens,East Sandrahaven,Corporate
764,Robert Blackwell,East Wayne,Retail
765,Jeffrey Shelton,Ronaldshire,Corporate
766,Trevor Murphy,East Kelli,Wholesale
767,Tammy Henry,Anthonybury,Wholesale
768,Benjamin Weaver,East Diana,Corporate
769,Heidi Zimmerman DVM,New Christinehaven,Corporate
770,Ryan Johnson,Anitahaven,Wholesale
771,David Martinez,Walkerberg,Retail
772,David Bell,New Paul,Retail
773,Alexis Pineda,Danielview,Wholesale
774,Henry Baird,Oliviamouth,Corporate
775,Jason Hernandez,Olsenberg,Corporate
776,Edward Powell,Loriside,Wholesale
777,Melanie Thompson,South Carol,Retail
778,Vincent Smith,South Daniel,Corporate
779,Ronald Mcbride,Lake Loganview,Retail
780,William Robles,Mathewsland,Corporate
781,Jeffrey Smith,North Linda,Wholesale
782,Shari Tate MD,Travischester,Corporate
783,Daniel White,Erikton,Wholesale
784,Autumn Cook,Port Andrewborough,Corporate
785,Timothy Vasquez,Richardsonland,Wholesale
786,Brianna Jennings,West Amber,Wholesale
787,Sherry Reed DDS,Robinsonmouth,Corporate
788,Karen King,Richardland,Retail
789,Natalie Wilson,New Eric,Wholesale
790,Tyler Strong,Lindseytown,Retail
791,Jeff Ballard,New Barbaraborough,Wholesale
792,Jacqueline Smith,Tylerchester,Corporate
793,Karen Morris,New Jessica,Corporate
794,Allison King,New Amy,Wholesale
795,Matthew Alvarado,Flynnside,Corporate
796,Cynthia Marsh,Lake David,Corporate
797,Brian Jenkins,West Samuelshire,Wholesale
798,Ashley Porter,New Fredericktown,Wholesale
799,Barbara Francis,East Craig,Retail
800,Sandra Cobb,Devonport,Retail
801,Nicole Flores,Kimland,Wholesale
802,Carrie Thompson,New Chad,Retail
803,Madeline Sexton,Kristyfort,Corporate
804,Angela Mendoza,Vickiside,Corporate
805,Philip Russell,Tammychester,Corporate
806,Gregory Downs,West Aaronberg,Wholesale
807,Alexander Turner,Curtisborough,Corporate
808,Juan Peters,Lewisborough,Corporate
809,Melinda Williams,East Michellehaven,Retail
810,Steven Stewart,Sheltonside,Wholesale
811,Karen Edwards,Lake Tylertown,Wholesale
812,Candice Rush,Josephberg,Corporate
813,Catherine Crane,West Angelabury,Wholesale
814,Sandy Watts,Mariemouth,Retail
815,David Conley,Lake Brentville,Retail
816,Alan Greene,East Anthony,Wholesale
817,Richard Lyons,North Tony,Corporate
818,Cindy Landry,Port David,Wholesale
819,Michael Quinn,Carrollchester,Retail
820,Miranda Hill,Cookstad,Corporate
821,Cathy Luna,New Thomas,Wholesale
822,Dakota Lawson,New Ronniebury,Retail
823,Crystal Gonzalez,Michaelborough,Wholesale
824,Travis Bryan,Henryport,Wholesale
825,Frederick Powers,Teresatown,Corporate
826,Christopher Lee,North Adamview,Retail
827,Melissa Rosario,Port Dianaberg,Wholesale
828,Gregory Miller,West Lisastad,Wholesale
829,Connie Bush,Gabrielview,Corporate
830,Jason Schneider,Kristiemouth,Wholesale
831,Alyssa Harper,North Patriciabury,Retail
832,Monica Mclean MD,West Jamesbury,Wholesale
833,Gregory Bell,Williamsburgh,Corporate
834,Lisa Snyder,North Robert,Corporate
835,Billy Melton,Mcfarlandport,Corporate
836,Shannon Snyder,Smithberg,Wholesale
837,Lauren Hensley,Riddleburgh,Corporate
838,Emily Sullivan,South Olivia,Retail
839,Bobby Ward,Harperfurt,Retail
840,Kaitlyn Shaffer,Robertsland,Wholesale
841,Rebecca Brewer,East Holly,Wholesale
842,Elizabeth Lin,Lake James,Retail
843,Daryl Edwards,Ellisfurt,Retail
844,Edward Stevenson,Lawrenceburgh,Retail
845,Daniel Pollard,New Thomas,Retail
846,Stephanie Richardson,Veronicaton,Retail
847,Isaiah Harrison,Tracyberg,Retail
848,Wendy Cole,Riveraborough,Retail
849,Chad Green,South Alexandria,Corporate
850,Samuel Hanson,New Dylan,Retail
851,Angela Brown,North Ginaside,Retail
852,Bradley Townsend,Diazport,Retail
853,Nancy Jones DDS,North Gailmouth,Wholesale
854,Connor Lambert,West Duane,Wholesale
855,Bianca Barnes,Mcintoshville,Corporate
856,Zachary Henry,South Erin,Wholesale
857,Peter Adams,South Markshire,Corporate
858,Kelly Davis,East Melanieside,Wholesale
859,David Howell,South Zachary,Wholesale
860,Morgan Fisher,North Tammy,Wholesale
861,Katherine Rivera,Santanaland,Wholesale
862,Kellie Copeland,Grayshire,Corporate
863,Alicia Sanchez,Jamesland,Retail
864,Kevin Barrera,New Sarah,Corporate
865,Thomas Chan,Baileyland,Retail
866,Desiree Gutierrez,East Amandaborough,Wholesale
867,Anthony Drake,Port Tracy,Wholesale
868,Matthew Williams,Port Tiffanyhaven,Retail
869,Susan Davis,West Mariah,Retail
870,Barbara Miller,Riveraburgh,Retail
871,Richard Walker,New Christopher,Wholesale
872,Brian Peterson,Williamborough,Corporate
873,Kristina Turner,Melissafort,Retail
874,Tanya Schneider,South Coreychester,Corporate
875,Bradley Rodriguez,Alanmouth,Wholesale
876,Anthony Morales,Youngshire,Retail
877,Mark Schultz,Kaitlyntown,Corporate
878,Daniel Gutierrez,West Jennifer,Wholesale
879,Jeffrey Campbell,West Tiffany,Wholesale
880,Sergio Davenport,West Amanda,Corporate
881,Virginia Mcbride,Brandyton,Corporate
882,Kristina Hill MD,Floresburgh,Wholesale
883,Jason Wade,South Christopher,Retail
884,Cynthia Woods,South Anna,Wholesale
885,Gabriel Gilbert,Michaelchester,Corporate
886,Erin Smith,Cameronview,Wholesale
887,Jessica Michael,Lake Nicholasfurt,Retail
888,Jennifer Werner,Richardport,Wholesale
889,David Wood,New Michele,Retail
890,Gregg Ray,Johnberg,Corporate
891,Eric Weaver,Port Melissa,Retail
892,Jerry Skinner,Chelseaport,Retail
893,Tracy Stone,Christineborough,Wholesale
894,Shane Thomas,Kimmouth,Retail
895,Kristine Williams,West Samanthaborough,Retail
896,Justin Richardson,Lisaton,Wholesale
897,Craig Andrews,South Kristinaberg,Retail
898,Ana Bernard,East Marilynborough,Wholesale
899,Jaime Buchanan,Jonesberg,Corporate
900,Angela Chambers MD,New Garyville,Retail
901,Leah Roberts,North Kathryn,Retail
902,Daniel Salazar,Meganberg,Wholesale
903,Nicole Boyd,Kimberlyport,Wholesale
904,Michael Johnson,Jasonview,Retail
905,Brian Hart,East Jacqueline,Wholesale
906,Randy Miller,Quinnfurt,Wholesale
907,Lisa Martin,Lukeside,Retail
908,Taylor Meyers,New Tamarashire,Wholesale
909,Sharon White,Johnstonshire,Wholesale
910,Antonio Sparks,North Andrew,Wholesale
911,Nicole Carroll,Sherrichester,Corporate
912,Bryce Brown,Gregoryton,Wholesale
913,Lynn Raymond,East Matthew,Retail
914,Eddie Ellis,Christinefort,Wholesale
915,Kenneth Henry,Jayberg,Wholesale
916,Danielle Campos,East David,Corporate
917,Sarah Ward,Tonyashire,Wholesale
918,Dr. Martha Finley,East Davidfurt,Corporate
919,Marvin Frazier,Jessicaside,Wholesale
920,Eric Jones,Timothystad,Wholesale
921,Victor Garza,Goldenhaven,Corporate
922,Mike Lowe,Gonzalezshire,Retail
923,Chelsea Sanchez,Wintersmouth,Retail
924,Blake Porter,North Antonioville,Retail
925,Stephanie Williams,Floreschester,Wholesale
926,Charles Hall,Michaelview,Corporate
927,Timothy Hall,Vasquezville,Wholesale
928,Tammy Elliott,South Kurt,Corporate
929,Jennifer Bishop,South Mandy,Wholesale
930,Jacqueline Robinson,North Charles,Retail
931,Michelle Cardenas,Stacyville,Wholesale
932,Richard Chambers,Mendezport,Wholesale
933,Lisa Reyes,Delacruzfurt,Corporate
934,Ricky George,North Aarontown,Corporate
935,Luis Frank,Murphyview,Corporate
936,Nancy Rogers,South David,Wholesale
937,Sandra Brown,East Tammy,Corporate
938,Diamond Moss,Port Diana,Corporate
939,Brandon Hill,Blanchardport,Corporate
940,Ashley Camacho,Curtistown,Wholesale
941,Amanda Reilly,Port Juan,Corporate
942,Danielle Hall,New Johnside,Wholesale
943,Lori Green,Jeannechester,Corporate
944,Timothy Medina,West Meganmouth,Wholesale
945,Daniel Oliver DDS,Freemanfort,Retail
946,Robert Adams,Johnsonchester,Wholesale
947,Jennifer Taylor,East Katelynchester,Wholesale
948,Sharon Thornton,North Kyle,Retail
949,Kendra Williams,New Christinemouth,Corporate
950,Charles Richards,Gutierrezberg,Wholesale
951,Steve Fox,South Dustin,Wholesale
952,Stanley Goodman,South Savannah,Corporate
953,Craig Giles,West Michael,Corporate
954,Tara Smith,West Emily,Corporate
955,Jessica Hansen,Sarahchester,Corporate
956,Eric Reyes,South Jenniferville,Corporate
957,Laura Morris,Judyton,Retail
958,Dustin Quinn,Ayalabury,Wholesale
959,Katie Moore,Jenniferville,Retail
960,Steven Hill PhD,Josephfort,Corporate
961,Allen Owens,Velezburgh,Wholesale
962,Joshua Schneider,Parkburgh,Retail
963,Candace Jackson,Port Jamesview,Wholesale
964,Debra Christensen,Melissaburgh,Retail
965,Robert Adkins,South Lauren,Corporate
966,Brenda Wallace,Port Renee,Retail
967,Kristy Gordon,Lawrencehaven,Corporate
968,Jessica Landry,Port Robert,Retail
969,Scott Morgan,South Ginahaven,Retail
970,Clayton Burch,Lake John,Corporate
971,Jonathan Herrera,Tinaborough,Retail
972,Thomas Lopez,Priceberg,Wholesale
973,Ann Lewis,Harmontown,Corporate
974,Joshua Schultz,West Kristina,Wholesale
975,Amber Cohen,Port Theresaside,Wholesale
976,Jennifer Smith,Brianland,Wholesale
977,Ashley Lawson,West Richard,Wholesale
978,Daniel Barnes,Tamaraville,Wholesale
979,Sophia Collier,Fernandezton,Retail
980,Stephen Mckay,Kanehaven,Retail
981,William Wilson,West Karenborough,Retail
982,Rachel Ferguson,Smallton,Corporate
983,Mario Church,New Kristy,Corporate
984,Jose Young,West Ericborough,Retail
985,Kimberly Montgomery,North Michael,Retail
986,Kimberly Price,West Meaganberg,Corporate
987,Erik Campos,Michealton,Corporate
988,Lisa Ingram,Turnermouth,Wholesale
989,Brett Sanchez,Port Nicole,Retail
990,Frank Charles,Danielmouth,Retail
991,Thomas Olson,Campbelltown,Corporate
992,Nicholas Simmons,West Courtney,Corporate
993,Brandy Williams,Christopherview,Retail
994,Michael Dorsey,Davisshire,Wholesale
995,Patrick Fisher,Port Craig,Corporate
996,Brett Donaldson,North Joseph,Wholesale
997,Julie Chapman,East Christinaberg,Retail
998,Cheryl Rodgers,Garciatown,Wholesale
999,Geoffrey Moss,Port Matthew,Retail
1000,Melissa Davis,Port Derekmouth,Wholesale
